,x,y,class
0,0.7195095209650025,0.9461888017031572,1
1,0.32436487867077846,1.2465792614421352,1
2,0.6338927980088006,0.9952758383901645,1
3,0.45516627569226664,0.9649714160126807,1
4,0.3418675021340013,1.2142141760949177,1
5,0.3076370931317258,0.7789352082904973,1
6,0.18117905785698363,0.9188020181157984,1
7,0.38530365833737457,1.11680267356247,1
8,0.47735899415176203,0.9551077143278541,1
9,0.36354548740449844,1.1618952038326051,1
10,0.3861623051773701,1.104229896503666,1
11,0.49942053784951046,0.9093233220301838,1
12,0.7429748237669891,1.2654310457880933,1
13,0.22277593102134807,0.995108736264289,1
14,0.34596832718121334,1.1894897486808822,1
15,0.1622669544556277,1.50796659977041,1
16,0.009091536091267893,1.022177147484908,1
17,0.4185029552069437,1.5351293900931198,1
18,0.4155331950096549,1.5606032555531735,1
19,0.5758243851230657,1.1766488936529624,1
20,0.0923530224324433,1.7629892094218174,1
21,-0.007639174244978661,1.587262067270783,1
22,0.07769860144468071,1.3670037902485062,1
23,-0.09427752333191353,1.4823805964519057,1
24,0.42159722813077566,1.7121300984489194,1
25,-0.27689839893513,1.737337879594716,1
26,-0.19789549666800166,1.6267782554599681,1
27,0.06948856354239831,1.32166960832021,1
28,-0.22870861981711305,2.048256912246522,1
29,0.06821280521504006,1.7035990104457448,1
30,-0.1286420562646805,1.6244702652852285,1
31,-0.416041809100041,1.3468660605968323,1
32,-0.5306205017085663,1.6038775604094477,1
33,-0.48708276757332586,1.5623607756277023,1
34,-0.6132801505662218,1.8059225278912883,1
35,-0.19993838629135613,1.8336762627172376,1
36,-0.20319205620414282,1.5877678330519767,1
37,-0.5809820510284077,1.993041326503901,1
38,-0.7638795366318643,2.110073815845952,1
39,-0.3711357111760234,1.9006975655998386,1
40,-0.6138904184500255,2.177929299918793,1
41,-0.5746210478771709,1.8845331187333825,1
42,-1.0329978350859088,2.1030240097159405,1
43,-0.8608566264865716,2.0237986911336137,1
44,-0.8233981753568713,1.681455659401831,1
45,-0.6261471347677711,1.6673267533033418,1
46,-1.244145281854241,1.839367218391041,1
47,-1.097821711324415,1.7966247989927016,1
48,-1.1698692547347873,1.6145014658192927,1
49,-1.045797179660892,1.4503628465699716,1
50,-1.1542762698052291,1.7844878245150537,1
51,-1.3789689626990478,1.6448660382811224,1
52,-1.2184465544776857,1.797622641454781,1
53,-1.3826333997311504,1.966292044135076,1
54,-1.4507319511498415,1.8508927749803814,1
55,-1.3575081505061495,1.5053588224582208,1
56,-1.4484778536183733,1.6410026857996651,1
57,-1.6047909558980271,1.5647315261475756,1
58,-1.6155485709817012,1.6496263396611053,1
59,-1.8670700233106623,1.5355440666583047,1
60,-1.4823855692207777,1.547622459277402,1
61,-1.6941238567209427,1.708030962003431,1
62,-1.8809339197722066,1.7692989910203167,1
63,-2.069226173802248,1.4807044663739601,1
64,-2.0213173041465655,1.5261753759519026,1
65,-1.7351659660190974,1.655310797994131,1
66,-1.8802383657338317,1.4472537502620215,1
67,-1.8580542926937909,1.306329115978612,1
68,-2.2254904028613707,1.162758883765243,1
69,-2.443902692568694,1.3469360465000015,1
70,-2.251579025967992,1.4058745500632504,1
71,-2.304967827790019,1.2577303335749246,1
72,-2.4642420013992896,0.899942361670671,1
73,-2.6458098697051966,1.0274274185644898,1
74,-2.672829382382678,0.8594707661053783,1
75,-2.3293767411234105,1.0504104938040184,1
76,-2.6273110696752022,1.1774317472978635,1
77,-2.9039022917272836,0.953756303270686,1
78,-2.85413539706527,0.602608735910022,1
79,-2.277379380770351,0.9433178705030594,1
80,-2.8531219428613936,0.6608743141717905,1
81,-3.0669210078416573,0.6091757760581025,1
82,-2.9154800859255,0.6256910025159825,1
83,-2.981914722554241,0.7269424955922734,1
84,-2.6680561509060476,0.9933029559651023,1
85,-3.2757760775930675,0.701508057204203,1
86,-3.0252223632133943,0.6346555497821704,1
87,-2.7425742782361664,0.6297219118803081,1
88,-3.152595847415431,0.13018154714050698,1
89,-3.273313708609918,0.19613878118669442,1
90,-3.1293188677832515,-0.008685343806878798,1
91,-3.3775774485318637,0.023331682875894752,1
92,-3.1221975450470607,0.05561718574919769,1
93,-3.171901291106029,-0.04118682620201244,1
94,-3.084056746849944,-0.27183464522372325,1
95,-3.253512302302411,-0.3116325528705827,1
96,-2.9253168214796834,-0.08025163811599262,1
97,-2.9479164151850306,-0.19941790079660435,1
98,-3.4686965106257723,-0.5249370398574308,1
99,-3.3065505021634114,-0.6506269391088635,1
100,-3.103595394951607,-1.0452483046644434,1
101,-3.2838330252079886,-0.6906854745623846,1
102,-3.2224686344500273,-0.7127901618903432,1
103,-3.0707528497616097,-0.8568313057204582,1
104,-3.363249850991003,-0.9048572057603186,1
105,-3.4821718698144846,-1.1350953749301154,1
106,-3.2356470533842407,-1.4540213335466625,1
107,-3.086503821619706,-1.0474509731110309,1
108,-3.7720122599453605,-1.3373922650135404,1
109,-3.313326509074864,-1.375508678131019,1
110,-3.7709728229385915,-1.6288800355701927,1
111,-3.027257916587377,-1.5026663125982804,1
112,-3.1855659734164607,-1.6515252195741492,1
113,-3.0268124381241583,-1.5729699987195662,1
114,-2.902683894443107,-2.159194687001506,1
115,-3.0925449376230487,-1.6733975633730653,1
116,-2.899400241369311,-1.9088930064379273,1
117,-2.8170414080516126,-2.1278471481883825,1
118,-3.138015084057899,-2.1611448909288926,1
119,-3.0567494107260473,-2.1173631894583242,1
120,-3.1260766428516416,-2.32230725426203,1
121,-3.1061195493452254,-2.4289558252555428,1
122,-3.2018053889459694,-2.3117726109259267,1
123,-2.9425395530368883,-2.900691388500663,1
124,-3.1040912129782825,-2.560395148720779,1
125,-2.943162948541189,-2.771169032774142,1
126,-2.7504976141896247,-2.54834103793427,1
127,-2.7761716086077337,-3.2242462344609955,1
128,-2.4958955644102874,-3.0803445665664637,1
129,-2.5710338142427065,-3.50116288415726,1
130,-2.6353165676721253,-2.8920166789252173,1
131,-2.3284823920392466,-3.189382750254789,1
132,-2.4328645210686854,-3.3285522652670694,1
133,-2.6671657441325065,-3.3918744353360597,1
134,-2.5623909278402586,-3.4439176813759755,1
135,-2.4025084226978577,-3.5151633679291474,1
136,-2.4038485118595094,-3.3432346205621575,1
137,-2.0705399755821134,-3.83488143713118,1
138,-2.1491076655128665,-3.5109262011946036,1
139,-1.7372874712437767,-3.752197957271719,1
140,-1.916366426457669,-3.526390142677359,1
141,-1.6709480536615031,-3.873096126870212,1
142,-1.6283072566462555,-4.030483325189669,1
143,-1.7841938391603858,-4.065479942013793,1
144,-1.4971308183847911,-4.050672296854724,1
145,-1.378095938836448,-3.7933958807969033,1
146,-1.3398801769468804,-4.324820583950456,1
147,-1.0610802276555875,-4.197028348286765,1
148,-1.4538482499091714,-4.5908794479227435,1
149,-1.1086683880765897,-4.415062413737516,1
150,-1.2071495801867096,-4.729016868695223,1
151,-0.7284499566952382,-4.493623119139924,1
152,-0.8224556896386738,-4.564201849721802,1
153,-0.4042383167669659,-4.186455215610292,1
154,-0.9049157858506489,-4.288600097276079,1
155,-0.7750312575667133,-4.715001530024883,1
156,-0.4182259547871603,-4.439836905974956,1
157,-0.496666251570484,-4.483808858344984,1
158,-0.13184529568022907,-4.5586017703883535,1
159,0.03881761015671334,-4.9918560068455635,1
160,0.023433165756378417,-4.600322979129461,1
161,0.08859441376684685,-4.886121876882786,1
162,-0.04492106998668144,-4.446560560071532,1
163,0.38235444468193663,-5.104808210877203,1
164,0.4399821527838419,-4.695816731686886,1
165,0.7883239158811919,-4.987510228644041,1
166,0.5009558098845538,-4.725300606627511,1
167,0.557203497986463,-4.999586249239574,1
168,0.935280557280009,-4.7195097031788995,1
169,0.9404050187360412,-4.514160595541007,1
170,1.0479853917477537,-4.9924596522126645,1
171,1.1900892069738933,-4.7433465569342355,1
172,1.6705423013018252,-4.904752532019765,1
173,1.205141010476535,-5.046018068804766,1
174,1.965564657360911,-4.888969181338165,1
175,1.5716506500040137,-4.297536613407948,1
176,1.8183333638307608,-4.552289123188788,1
177,2.017990678822445,-4.707233679478468,1
178,2.076139352842253,-4.6473319331136524,1
179,2.1816948998254992,-4.856265966173105,1
180,2.2297786579424312,-4.825737547517072,1
181,2.404947178975324,-4.599593384775569,1
182,2.4794356609855748,-4.442591868113681,1
183,2.8938474541363832,-4.652750458671028,1
184,2.8830886682033667,-4.4156712499679704,1
185,2.9698095686217307,-4.290944174710097,1
186,2.8135356229098147,-4.451723411724684,1
187,3.130132141136755,-4.414658481368682,1
188,3.1381800856656716,-4.37732117042381,1
189,3.3300407823143625,-3.8392169323646756,1
190,3.528253731113738,-3.8770051841412667,1
191,3.6968798451896028,-4.136576216964701,1
192,3.652711169665374,-3.8731556543654486,1
193,4.0333679275085785,-3.908489265127266,1
194,3.7278148528038964,-4.230154774995054,1
195,4.010235188427815,-3.5966996162143685,1
196,4.204081167736474,-4.058364330634194,1
197,4.409362253704669,-3.5393537552683205,1
198,3.97692114726998,-3.255614423330309,1
199,4.492847872741887,-3.611470655092657,1
200,4.410521809650656,-3.1858185363483895,1
201,4.526849065849055,-3.394413342577693,1
202,4.945704754294354,-2.960254312751396,1
203,4.817756411848097,-3.13527163208109,1
204,5.428916977613993,-3.148135558607769,1
205,5.078905673324348,-2.9226533027036834,1
206,5.057358126261225,-2.8752446022915326,1
207,5.095378017493963,-2.6084969790253947,1
208,5.202962797830199,-2.80256867942816,1
209,5.412564042551196,-2.0478741833493586,1
210,5.403020436831814,-2.3859730235352408,1
211,5.4360359192579555,-2.179911695688175,1
212,5.533156521483782,-1.9979977965887197,1
213,5.582012985634722,-2.147119455942591,1
214,5.84366824408257,-2.0198299608390635,1
215,5.618920776362511,-1.6421089529400341,1
216,5.470927648091557,-1.6000515903135324,1
217,5.787151133102132,-1.5271199753237177,1
218,6.036375099294178,-1.2962378636804672,1
219,5.874216910928116,-1.2983426377584835,1
220,5.845535839987266,-0.8504061190832578,1
221,6.042022703191192,-0.9501598557831081,1
222,6.521768134767919,-0.7091931255462034,1
223,6.25692897338135,-0.7740249515203081,1
224,6.0283604138519,-0.7348200453715938,1
225,6.114306769266445,-0.7268203342245882,1
226,6.078768556253884,-0.13369985411419508,1
227,6.456688455726728,0.061604211709759854,1
228,6.344856999554142,0.024252421801056565,1
229,6.371257821687421,-0.3349949864102427,1
230,6.773865273334373,-0.003918045416511806,1
231,6.338203269911653,1.0796772383469706,1
232,6.20037328283389,0.629982275674533,1
233,6.365104849235392,0.8023589286780741,1
234,6.340493472741692,0.919654322227057,1
235,6.875995190738138,1.219664678818862,1
236,6.476339086980496,1.181594768843745,1
237,6.2269709448847586,1.576063149257807,1
238,6.369710761844333,1.6232611888412731,1
239,6.376066703061445,1.6368959457790666,1
240,6.221967083237171,1.8090420515985282,1
241,6.225638006421105,1.6957321927340105,1
242,6.1185769054548285,2.121090450668462,1
243,6.424190024402257,2.1079222601412053,1
244,6.116262329123225,2.3264478201500784,1
245,6.1319119707267244,2.4387203840090788,1
246,5.915258791086108,2.674736426711404,1
247,5.9343322053707865,2.8990227406976548,1
248,5.787237032350789,3.100178974365354,1
249,5.980896904288637,2.9980326494922913,1
250,6.275230601238414,3.523920650152964,1
251,5.916557384749896,3.5766200966241,1
252,5.9092726737646935,3.424331958696832,1
253,6.063254135173548,4.014210527331395,1
254,5.469616479248934,3.927510850985565,1
255,5.323003539779005,3.662026716768348,1
256,5.573110244637934,4.401415956505157,1
257,5.316391177428736,4.438367474527601,1
258,5.273790129364207,4.327752375729356,1
259,5.081925649398938,4.656606247952317,1
260,5.147504840269497,4.968434462135513,1
261,5.263054282291148,4.917708378769937,1
262,4.860603587367348,5.167925545265959,1
263,5.081335360154683,5.0586560035306345,1
264,4.725879435017238,5.349952353259934,1
265,4.445402637917567,5.407439232834639,1
266,4.53199734359167,5.60195383506356,1
267,4.691771414757709,5.939786513462329,1
268,4.628224749758541,5.6257535340476155,1
269,4.108938519582335,5.828909583883218,1
270,4.208786555275747,5.788782568109562,1
271,4.104335768324748,5.98090303863834,1
272,3.729503828428349,6.344589943921016,1
273,3.7868592466878397,6.1933730674731935,1
274,3.4519617770218356,6.3302265662332164,1
275,3.421156752171366,6.6505767047428295,1
276,3.0706293939539586,7.208608510562357,1
277,2.9544678515554406,6.723656453871869,1
278,3.1280063351030933,6.936410815998583,1
279,2.75499057724051,6.824819633136917,1
280,2.6355491393265225,7.278955684804064,1
281,2.3199397130099935,7.206601473262224,1
282,2.262698983702511,7.427995795910926,1
283,2.085364346225809,7.200942731281497,1
284,1.9684053503691663,7.535096318887654,1
285,1.9931342634508868,7.165782158341608,1
286,1.957538327393166,7.595354591335678,1
287,1.6356135112078105,7.412323476386935,1
288,1.3474450177617139,7.884369066943485,1
289,1.382603298987527,7.426791777413513,1
290,0.6125384424273536,7.447930717169117,1
291,0.9723847280871271,7.559276240393331,1
292,0.5326756190347013,7.869899634125764,1
293,0.3798963631445821,7.719872381582375,1
294,0.233998576124271,8.10052545592581,1
295,0.3254313465714112,7.712707998721331,1
296,0.06332144914223624,8.051424417714685,1
297,-0.0767696944959933,8.262909483564325,1
298,-0.5563360773758703,7.994941054185009,1
299,-1.052335906932451,7.664937990332741,1
300,-0.796693988705371,7.792552994326767,1
301,-1.0636257478168212,7.954144739655024,1
302,-1.6998087021309036,8.271925342352642,1
303,-1.4826283874642474,8.181225996770808,1
304,-1.3839495413489344,7.852654914190733,1
305,-1.5729258095937233,8.164024558430874,1
306,-1.928297286761904,7.911613611228537,1
307,-2.143615722124526,7.7980439739230585,1
308,-2.2171940759526296,7.676920233360058,1
309,-2.4949894633438556,7.837766666543985,1
310,-2.7011545100932173,7.555624180517651,1
311,-3.0395331555178036,8.16883575968059,1
312,-3.1560116194460237,7.189089214002873,1
313,-3.013999178685122,8.215030080837483,1
314,-3.2231852620298413,7.2811518450501085,1
315,-3.871619692693167,7.255618508280101,1
316,-3.45865791709309,7.324627990990432,1
317,-3.6430817347638165,7.825391719062449,1
318,-3.925370391735423,7.4918752714997625,1
319,-4.537397935188558,7.002669184265853,1
320,-4.353309336392363,7.378935660080866,1
321,-4.941616127302602,7.301791097726979,1
322,-4.973132589655717,7.013229412848469,1
323,-5.298983018550835,6.929616358601039,1
324,-5.151226429141422,6.874993613657071,1
325,-5.56629977603757,6.684204686261825,1
326,-5.623481301954829,6.660301370537089,1
327,-5.758596142395223,6.562765909366186,1
328,-6.15035654294361,6.609067322744021,1
329,-6.320222724395902,6.426550422261929,1
330,-6.408143204942357,6.228625636625583,1
331,-6.534124691391096,6.0329620301658275,1
332,-6.613978095719813,5.686514283462675,1
333,-6.4062389527412105,5.5471171137428215,1
334,-6.917279600123409,5.9123946107272936,1
335,-7.080749911988641,5.283415043756275,1
336,-6.779482861873183,5.097386525199243,1
337,-7.424648097753898,5.077134679496903,1
338,-7.3409789186368135,4.888243043710825,1
339,-7.146955935037466,4.916355015198274,1
340,-7.772129405851647,4.872619806186398,1
341,-7.952935080447029,4.819017096378045,1
342,-8.122401610691398,4.2345845712709345,1
343,-7.84030885095825,4.106263179354424,1
344,-8.278817207529144,4.082041673203223,1
345,-8.32877176929125,3.771270307648834,1
346,-8.116039644352599,4.045923037704072,1
347,-8.32774418531294,3.2260808628454387,1
348,-8.33979757214447,3.2793573715184414,1
349,-8.586181038611727,3.0426386659812885,1
350,-8.733470115409215,3.044991788799375,1
351,-8.757741653839643,2.7680010983298473,1
352,-8.842562820461644,2.039884447108631,1
353,-8.43884809343125,2.0805734592853042,1
354,-9.076622804808324,2.2745665870064875,1
355,-8.80118306210651,1.98948837684791,1
356,-9.459286172099526,1.838051118013839,1
357,-9.070084879667924,1.5000710521434064,1
358,-9.00612143020503,0.8928464828560243,1
359,-9.179413925689046,0.7210822199328956,1
360,-9.294457446247339,0.9242648365934777,1
361,-9.398038553126234,0.27374867002326797,1
362,-8.990297803834535,0.40581490390751507,1
363,-9.190239974995896,-0.005441588322153329,1
364,-9.153197020019206,-0.18162956668976776,1
365,-9.371369007093971,-0.8254503855556,1
366,-9.2691277106074,-0.8442783540186445,1
367,-9.355036616101778,-1.0250978375521578,1
368,-9.437929463770352,-1.0648840396343173,1
369,-9.758865188271194,-1.095827873531281,1
370,-9.138258836687418,-1.6355305353691143,1
371,-8.937188114648693,-1.7036496822996816,1
372,-9.343970691662706,-2.2645170503978616,1
373,-9.266364532045154,-2.0763424665028745,1
374,-9.416848188249443,-2.3677208056031365,1
375,-9.795128734278645,-2.615540730651958,1
376,-9.246705860936968,-2.5711377720082,1
377,-9.108186659434052,-3.09237004408708,1
378,-9.504170735317569,-3.0623947550071273,1
379,-9.126375905697685,-3.344481169759361,1
380,-8.935051697567241,-3.575855042935182,1
381,-8.70466907882362,-4.456512552798617,1
382,-8.836970665946914,-4.007223888358696,1
383,-9.099661672015104,-4.189695161388491,1
384,-8.869318989352204,-4.3939602491627126,1
385,-8.830858679287777,-4.512499067337823,1
386,-8.554156751432455,-5.004646389109412,1
387,-8.62940148166525,-4.988012656231614,1
388,-8.734660716939493,-5.300012599775077,1
389,-8.803122750992147,-5.450578096125453,1
390,-8.407865385735336,-5.587680025298145,1
391,-8.206777904238317,-6.0519077178711465,1
392,-8.210238270068764,-6.058130537790835,1
393,-7.912742452155226,-6.333769148373003,1
394,-7.717766847998835,-6.664498252263599,1
395,-7.682844072152836,-6.8335642462530455,1
396,-7.536198020428364,-6.846637841539518,1
397,-6.831612567879509,-7.3573653497286555,1
398,-7.295798659038416,-7.345186784248604,1
399,-6.596927425854387,-7.702590561373544,1
400,-6.595734845293623,-8.097631627924537,1
401,-6.702274955169775,-7.945918020598146,1
402,-6.720995882240251,-8.130051399970782,1
403,-6.507648882498734,-8.131178519387552,1
404,-6.423387541144036,-8.081315034295422,1
405,-5.524580849711945,-8.830780327710023,1
406,-5.3119610899595155,-8.520761849274967,1
407,-5.518283996351119,-9.359452552971202,1
408,-5.523952821393068,-8.866592802905156,1
409,-5.501514424499485,-8.89210758949512,1
410,-4.678358332540808,-9.180152978324454,1
411,-4.5204742746956486,-9.440762861531605,1
412,-4.495674952030543,-8.995125092861967,1
413,-4.383117002965841,-10.10738108061675,1
414,-4.228317246997288,-9.680520111927828,1
415,-3.8928427057666024,-9.759890058452276,1
416,-3.5005545813235637,-9.870748628046083,1
417,-3.505925656650228,-10.545757960279616,1
418,-3.2551398548733927,-10.048839626540737,1
419,-2.793624357160013,-10.327123478560393,1
420,-2.794848723584906,-10.472474807912748,1
421,-2.60903876009511,-10.516013695683768,1
422,-1.9034719322871985,-10.483632082258838,1
423,-2.1148015923916157,-10.670150342701868,1
424,-1.9454340406236785,-10.659421604837819,1
425,-1.674039083842144,-10.816556513835996,1
426,-1.2432447012462287,-10.665006848883035,1
427,-0.7136077785028585,-11.035303834420972,1
428,-0.8915985193668305,-10.844338587363243,1
429,-0.5204041166563582,-11.160411018225702,1
430,-0.3225832749716241,-10.945456838600855,1
431,-0.19939862146700885,-11.18207938162187,1
432,0.34276427125019016,-11.017952446975404,1
433,-0.025266792681328865,-10.81862781457622,1
434,0.49008118707616016,-11.00329511344587,1
435,0.8998633292945781,-11.203375544056286,1
436,1.646227585054417,-11.064528556944328,1
437,1.5089115700141147,-11.207082371487523,1
438,2.0152621305604725,-11.256495560966949,1
439,2.197024103208035,-10.785645340769472,1
440,1.8791449258592514,-10.959953030740504,1
441,2.5203578342640998,-11.117649433485713,1
442,3.0255168859927526,-10.874097656718869,1
443,3.1236923465031996,-10.821416431963131,1
444,3.333217114783315,-10.894936374090195,1
445,3.621667280678678,-10.903768328065965,1
446,4.143610450474588,-10.845679198969512,1
447,3.671193142250337,-10.76454307233415,1
448,4.43890571805812,-10.590969269046397,1
449,4.610446869812792,-10.390156041226211,1
450,5.129619184789442,-10.326773969689636,1
451,5.14932204270513,-10.4316114446029,1
452,5.171206433013227,-10.20748571717574,1
453,5.616021325196421,-10.003845986525278,1
454,5.7971122071137495,-9.963678274647354,1
455,6.052966993712123,-10.201568740569428,1
456,6.324141372696567,-9.475798031484084,1
457,6.547433111469937,-9.763572175849802,1
458,6.858802285622952,-9.51489103267989,1
459,6.9422633148038875,-8.952244297945631,1
460,6.771126115156091,-9.297561281619348,1
461,7.199869693556505,-9.116783017570242,1
462,7.474087658454315,-8.75177357080942,1
463,7.648096160074481,-8.696130885953869,1
464,7.968324846609635,-8.64295018633814,1
465,8.199398920611785,-8.006387230823583,1
466,8.622066824988966,-7.763748310589604,1
467,8.789713990420202,-7.832914404385508,1
468,9.025673440101166,-7.70440088766456,1
469,9.078287387033118,-7.613279315507441,1
470,9.800038517148518,-7.661032665168833,1
471,9.394532926183118,-6.938151853931926,1
472,9.827223597480987,-7.179160799160931,1
473,9.567657861532846,-6.638284810154573,1
474,10.10022691579838,-6.047975396123621,1
475,10.255766626758128,-6.097839287085657,1
476,10.453697866319269,-6.148416285217007,1
477,10.54013091066811,-5.813291437271546,1
478,10.44902372035813,-5.643163664275957,1
479,11.133064588969365,-5.23405763402366,1
480,10.683507652274978,-5.099233587450083,1
481,11.074041667435674,-4.554703416978203,1
482,11.639463944246346,-4.931200903777951,1
483,11.394385073212613,-4.386885338053589,1
484,11.56182523370815,-4.285900857174543,1
485,11.52203382700151,-3.7707397382086585,1
486,11.525175391439515,-3.6311753962512836,1
487,11.541970874290605,-3.6173755269595547,1
488,11.903016665023882,-2.9072844962235873,1
489,11.747075157824478,-2.6503975205145327,1
490,11.814745569161735,-2.846103598230049,1
491,12.111974015561989,-2.3650451005886532,1
492,12.0230723293617,-2.018612097276555,1
493,12.424412464078927,-2.0439528570639647,1
494,12.231317177159623,-1.546927926308798,1
495,12.681036452536155,-1.3982350600365183,1
496,12.23702807919025,-0.9610070506778137,1
497,12.25099296312181,-0.8458481437674182,1
498,12.561398002162669,-0.2713279483519818,1
499,12.501369270851887,0.011093237182979282,1
500,-0.8310792001732217,-0.8979492232679174,2
501,-0.6213530664291754,-1.0803653485436913,2
502,-0.5021355377381386,-0.9516720685088192,2
503,-0.7519570413871496,-0.9864658925097212,2
504,-0.7456826627955743,-0.6814995125761973,2
505,-0.5183060834396839,-0.8999363574600829,2
506,-0.45168370821219217,-1.0330244153969903,2
507,-0.40552513395136564,-1.2514131015938856,2
508,-0.25848541495448474,-1.1912269930347696,2
509,-0.45233330704091756,-0.9147550505921449,2
510,-0.0937554191291673,-1.2725661273014948,2
511,-0.5570504089033208,-1.2206814140808644,2
512,-0.15667172952463115,-1.1341927588105043,2
513,-0.5578193708127953,-1.0698954222835313,2
514,-0.6388282532625116,-1.6433744636866254,2
515,-0.41788847269056306,-1.1826244216185426,2
516,0.09688186462342613,-1.364685891604838,2
517,-0.13609514720623234,-1.5031149028065276,2
518,-0.1685233493810224,-1.3755835135777987,2
519,-0.2714184646761861,-1.398949893569531,2
520,-0.08977129581931485,-1.509834568848248,2
521,-0.19209785008687275,-1.356572733059079,2
522,-0.0003618441093057728,-1.452315775407586,2
523,0.07445026316787948,-1.5121237771172817,2
524,0.3165989456825598,-1.4407767714534863,2
525,0.2045733365762387,-1.7730547030566213,2
526,-0.03168889406927776,-1.6430978119119293,2
527,0.23566825567943595,-1.6670329629191443,2
528,-0.05957824501281245,-1.6489781134480608,2
529,0.36961390160857077,-1.8649694915027129,2
530,-0.00025719361615117453,-1.5385029479881827,2
531,0.5160941241540122,-1.7087689954351684,2
532,0.26265128560656487,-1.6307511472436638,2
533,0.18085078694159576,-1.6905997755622995,2
534,0.14350862287885752,-1.8258062896750107,2
535,0.34685493383899246,-1.5764033670155462,2
536,0.41137812938048834,-1.7418481232681353,2
537,0.6654880234233767,-1.5701013931361179,2
538,0.49362863966046344,-2.110822528880569,2
539,0.7613389792271339,-2.0124851790365685,2
540,0.7477246186669821,-1.6932814495418944,2
541,0.7439852717963307,-1.912490624708414,2
542,0.2825860630055539,-1.8600006426605227,2
543,0.6351103638293053,-1.8843252118242895,2
544,1.2176642808808213,-1.9102408000222015,2
545,0.9754863656601569,-1.9216036605682265,2
546,1.0092912364040265,-2.061073543023705,2
547,0.7115047100954509,-2.046899579151095,2
548,0.8376516827770083,-2.108823821745691,2
549,0.7469957164080603,-1.417306719499665,2
550,0.6290890914033133,-1.4869181725643623,2
551,1.2899246323496454,-1.5126365926348677,2
552,1.0451620750865152,-2.1037013801160676,2
553,1.1465726112141192,-1.7237297282905035,2
554,1.0220391421130266,-1.652209804569898,2
555,1.8006203141794366,-1.995197261373884,2
556,1.6606541271141202,-1.6132658340480233,2
557,1.6807839811115919,-1.9425149793148722,2
558,1.317795143027722,-1.5856145597728817,2
559,1.8774325848147924,-1.6286313733866482,2
560,2.0551011444040546,-1.9003936722291475,2
561,1.5464699817001106,-1.508669693824351,2
562,1.611663406288508,-1.3598752758332684,2
563,1.8864195622213533,-1.674756535409611,2
564,1.7902840578063117,-1.4196531182415557,2
565,1.9588087497443172,-1.5127203918055212,2
566,2.0981913261403466,-1.4036776711144112,2
567,1.961592178036613,-1.3275964956165611,2
568,2.2635439047564994,-1.1854296281183188,2
569,2.3634436544777766,-1.324589566128345,2
570,2.2437158078993247,-1.3340658619355565,2
571,2.8075185763194357,-1.261418284776106,2
572,2.401786921201817,-0.565778750300822,2
573,2.221597422114039,-0.852321231016115,2
574,2.656667898009029,-1.4844936213698685,2
575,2.4380256812252896,-0.9280528304699075,2
576,2.8178253192979787,-0.8483725335957479,2
577,2.764631037752632,-1.3084479784762775,2
578,2.5360561067777962,-1.0639679526111008,2
579,2.8778062866158103,-0.6749177931847289,2
580,2.6900753738111884,-0.6520168461738279,2
581,2.8691192673600106,-0.6598036782961523,2
582,3.1877229722205938,-0.3535162503123304,2
583,2.733418380087972,-0.6515258937985677,2
584,2.6830823244959654,-0.6405251920577414,2
585,2.8124680473616395,-0.17454002626603454,2
586,2.670195628611112,-0.3135019309702177,2
587,2.9456070056413775,-0.28500149211961223,2
588,3.3548583240250007,-0.3105889806428005,2
589,3.102798938157156,0.021305395603180316,2
590,3.1460249976437895,-0.10697679674869183,2
591,3.379906300293424,-0.4253692881186019,2
592,3.156051063821517,0.3445677079777726,2
593,3.3998045947492237,0.009860637465183807,2
594,3.1051599316349208,0.24571101471131282,2
595,2.9960482406915494,-0.17727004809267638,2
596,3.1909638640510067,0.30072091042508403,2
597,3.686075087546238,-0.026116245287818973,2
598,3.1790985069967004,0.22221393834154823,2
599,3.5264040441054614,0.4177696304461851,2
600,3.702544661054754,0.7093744677693561,2
601,3.178641783599943,0.8823163904360611,2
602,2.763202658393836,0.7916083674784172,2
603,3.4398270367831283,0.8983121895424414,2
604,3.0997148819492057,0.7823740048556789,2
605,3.0620610155266332,0.8023666629760883,2
606,3.2575115263513927,0.9063658469943291,2
607,3.0239016456855845,1.306871910874032,2
608,3.2894804885157725,1.4035035611481326,2
609,3.0019988153389647,1.4837745983001103,2
610,2.8856384159181387,1.5002013466064106,2
611,3.3939230723377096,1.48878795870843,2
612,3.7111286301412267,1.697726998821903,2
613,3.1879614899703808,1.9519858755326291,2
614,3.4738502614354623,1.8571728650644739,2
615,3.5470167476065724,1.6158436200813246,2
616,3.264630375135331,2.3037294334800076,2
617,3.160690585385014,1.823238310235375,2
618,2.9203739966408735,2.0623956399181766,2
619,2.8871853407850527,1.8406489629980556,2
620,2.9804260107124563,2.450404565797175,2
621,3.342166761267064,1.9845875420667642,2
622,2.773912168756997,2.586928373210154,2
623,2.8437090435935914,2.530511205167671,2
624,2.9798783779847176,2.7317935815787653,2
625,2.6958955376624445,2.5981602787305786,2
626,2.1024396629250903,2.4999220132347904,2
627,2.505666992980112,2.853981787728325,2
628,2.797589906992684,2.8566690513849258,2
629,2.78348420475001,2.840905971662304,2
630,2.638990101080246,2.88091677019855,2
631,2.734803698950989,2.9218547100689003,2
632,2.0360303277788603,3.464763323086991,2
633,2.286311489838535,3.2003178146150804,2
634,2.1955246843360143,3.635051325927603,2
635,2.379822926767387,3.4494319693891407,2
636,2.0420486656414307,3.5790428733113395,2
637,1.8422296170736876,3.534405234701585,2
638,1.9315311697164537,3.5066666996262588,2
639,2.11229176249885,3.7332368039717507,2
640,1.6230138879094889,3.839214872453869,2
641,1.586845883358539,4.050361407774412,2
642,1.7980554257773638,4.025174763833507,2
643,1.2082889081266643,4.168961183097609,2
644,1.602986616854138,3.7248675301675105,2
645,1.8559213672182868,4.123713167403656,2
646,1.44359293404038,4.254098936295823,2
647,1.365328735123011,4.2882826106912315,2
648,1.348321545059892,3.9861709352273276,2
649,0.9584801385656848,4.441957267348871,2
650,1.063996464353088,4.344586860413788,2
651,0.9503635599614167,4.262982074708429,2
652,1.0178110506656115,4.698961803060011,2
653,0.622207961802363,4.6494334073278,2
654,0.5814205323390795,4.4942205019055,2
655,0.40345825044106476,4.622798751487114,2
656,0.5207882234165891,4.3366815942362225,2
657,0.5289362422103304,4.647788344465591,2
658,-0.04750098061601951,4.621823333881902,2
659,0.1685929571275206,4.553755061701278,2
660,-0.26001831342245757,4.696915345732457,2
661,0.09385762742736162,4.784026019657755,2
662,-0.23997757618060622,4.528023701786744,2
663,-0.6423549121243992,4.910825730103895,2
664,-0.45849887549010115,4.8469009980495485,2
665,-0.20240757751585403,5.045668429568623,2
666,-0.8968872768588233,4.405822643715061,2
667,-0.7851485729053836,4.784133501172697,2
668,-1.0063128079952115,4.807458634573234,2
669,-0.9660392049154194,4.550698596432876,2
670,-1.2514894447266631,4.925947028323395,2
671,-0.9642793841067382,4.581277779156728,2
672,-1.5768455453784194,4.475957447735814,2
673,-1.4033078294227586,4.322743512347745,2
674,-1.5725220686277557,4.473365630092337,2
675,-1.8686724821131757,4.959847973157502,2
676,-2.038742010366431,4.789618967303581,2
677,-1.8455335381527918,4.627914317718927,2
678,-1.9471582867035615,4.981668236608721,2
679,-2.3958572711555357,4.737946279051561,2
680,-2.748110855412611,4.948482400400956,2
681,-2.1646129110448102,4.418347110981799,2
682,-2.3992741425309325,4.502446275028223,2
683,-2.760853833087604,4.647204295621871,2
684,-2.9371592295040787,4.853575720383149,2
685,-2.480635946284703,4.665681692198852,2
686,-2.900801040130993,4.573798220795804,2
687,-2.8547653391077796,3.9536221861159686,2
688,-2.857970843582497,4.274409698881906,2
689,-3.3471980476201533,4.329747134494238,2
690,-3.1816800883026315,4.179427084187456,2
691,-3.3740175449440355,4.194251331261058,2
692,-3.6747564292943653,4.012119652602902,2
693,-3.873322832289987,4.073774158391764,2
694,-3.751780316130509,3.597243609072558,2
695,-4.135982268587532,4.016128224671095,2
696,-3.8461936590127532,3.573009209715625,2
697,-4.213886448431578,3.8651730603793646,2
698,-4.4109843163822555,3.246972880402634,2
699,-4.161427578009829,3.6338429613052963,2
700,-4.5785425051870545,3.45911932868964,2
701,-4.33785823011717,3.191057861232206,2
702,-4.599320505833542,2.7630213029940265,2
703,-4.956919500800927,3.1546188041679266,2
704,-4.918039675468801,2.96358260775595,2
705,-4.862342117444789,3.1019617033470634,2
706,-5.240466451301277,3.020160238339103,2
707,-5.347856123753374,2.709764685180827,2
708,-5.300454849442814,2.8261359083029873,2
709,-5.248319212383721,2.242830678553312,2
710,-5.281373048365166,2.128819832201668,2
711,-5.718699799101922,2.3454222142311285,2
712,-5.759768843650132,2.3093958868382596,2
713,-5.577130436343387,2.1669630176540524,2
714,-6.0138241778686385,1.9738632262213744,2
715,-5.7319495346884075,1.797379077972499,2
716,-5.8426699969123,1.784010261962618,2
717,-6.02686723198203,1.6123766724060231,2
718,-5.9645564145641705,1.3649066395643823,2
719,-6.306762722383034,1.2551613808769786,2
720,-6.082949466854272,1.1146105973157718,2
721,-6.1174603757966315,1.1837696179035995,2
722,-6.3835033302466675,1.174971699732166,2
723,-6.111988978670945,0.32290524097271794,2
724,-6.221831440222378,0.5184216306035578,2
725,-6.480885172173599,0.6749886392451225,2
726,-6.596446853714016,0.39529663565734957,2
727,-6.050138660735162,-0.12381106839633702,2
728,-6.258182322707136,-0.05021025600632395,2
729,-6.135055811862746,-0.10822355199626639,2
730,-6.154806419370741,-0.5949501751442328,2
731,-6.511440705155193,-0.5286975056442069,2
732,-6.022916383393759,-0.7888075752563549,2
733,-6.008780491426365,-0.6577072736546326,2
734,-6.529485803130283,-0.8818697458583251,2
735,-6.7188837843763345,-1.2478687373529722,2
736,-6.364988837749302,-1.123008564927732,2
737,-6.3138849159704336,-1.5128882812733657,2
738,-6.089414090441191,-1.2567463876572584,2
739,-6.158423378376808,-1.8187928209632576,2
740,-6.357707431757962,-1.451499294018058,2
741,-6.142373886412572,-1.846345940702074,2
742,-6.206880209214825,-2.1056840709411504,2
743,-6.413231510216055,-2.167348831048031,2
744,-6.579105665872795,-2.5569669528072003,2
745,-6.163342223936548,-2.373266268614465,2
746,-6.114034050740968,-3.342884291992383,2
747,-6.1112568615814205,-2.5454729098660067,2
748,-5.951327726152814,-2.8708411502770868,2
749,-5.972922466770941,-3.020592458375674,2
750,-5.946465454010292,-3.342604669231851,2
751,-5.883415169433624,-3.5615124979974557,2
752,-6.057886061045567,-3.5709535865441957,2
753,-5.663791609234702,-3.42012076305442,2
754,-5.524779616440481,-4.311409080876988,2
755,-5.6396055910572205,-3.8634430578101617,2
756,-5.955784651348714,-4.4483456902074225,2
757,-5.526717337813704,-4.596592127073609,2
758,-5.183898488265677,-4.27416538888949,2
759,-5.319357030443035,-4.99803558146668,2
760,-5.172814305991573,-4.783441206657142,2
761,-4.9185700638445695,-4.960872159639846,2
762,-4.7466476352851545,-4.752670331559022,2
763,-5.023054469063824,-4.9526705165020255,2
764,-4.859437585112366,-5.343620325755171,2
765,-4.610939156986701,-5.353426962753876,2
766,-4.230076993505646,-5.653715215790411,2
767,-4.620231317237158,-5.581788916432632,2
768,-4.562108842037974,-5.620892938605047,2
769,-4.248808492457256,-5.748780596933327,2
770,-4.387016969144201,-6.133425908289875,2
771,-3.956712055621717,-6.235257663175122,2
772,-3.421078609858894,-6.1644874163262555,2
773,-3.5415306958211152,-6.017855861871656,2
774,-2.954991328199194,-6.681465170809378,2
775,-3.38282748182859,-6.683924836390045,2
776,-3.324321508754862,-6.49777872044973,2
777,-2.7827516942880695,-6.705571090002148,2
778,-2.898741613643234,-6.66269614933747,2
779,-2.84322222233911,-7.086882380072674,2
780,-2.60834379264841,-6.922914335181509,2
781,-2.2662877283796297,-7.352056649601354,2
782,-2.3810812784998556,-7.269200391193809,2
783,-2.2881712076284497,-7.0889052238100065,2
784,-2.1888703414933817,-7.407908251258935,2
785,-2.127191405311898,-7.266967039764772,2
786,-1.824071082752015,-7.284350023879639,2
787,-1.48209466450468,-7.675295253464529,2
788,-1.4964311313979182,-7.4910248657617355,2
789,-1.1313803585606093,-7.710310503473866,2
790,-1.1438096863273746,-7.581999303299616,2
791,-0.381584735170879,-7.470813186454421,2
792,-1.0265389532918294,-7.713300191489616,2
793,-0.11354614953251163,-7.974711947633365,2
794,-0.6241708784109945,-7.738500658355127,2
795,-0.6584937266678152,-7.706357458036752,2
796,-0.039459601238190534,-7.393906092323827,2
797,0.5085306347074896,-7.634115953943139,2
798,0.6456690279065043,-7.9542766817442905,2
799,0.11880531600690014,-8.024663383306306,2
800,1.0015360254710548,-7.991923141848217,2
801,1.278434654326019,-7.936080705832619,2
802,1.3840899202592472,-7.579577445065363,2
803,1.5598947403400032,-8.041177572087005,2
804,1.426848331056961,-7.713378931318655,2
805,1.7318649713395224,-7.981826733587067,2
806,2.111019856943869,-7.742327274542584,2
807,2.1972735213701986,-7.668701558318508,2
808,2.43362709619819,-7.803821731664766,2
809,2.399507222452571,-7.765953955653542,2
810,2.06312420125202,-7.635610576603523,2
811,2.8805580299235345,-7.6685400684477125,2
812,3.11353951325352,-7.527582661829912,2
813,3.4395564650832418,-7.6037110436346635,2
814,3.2536303642139113,-7.372404677073564,2
815,3.5775382515863248,-7.486211100470647,2
816,3.653061825709475,-7.236164368265659,2
817,3.849373002753853,-7.064526086401119,2
818,4.5992775853627865,-7.48297557428055,2
819,4.464658164292309,-7.379139511216382,2
820,4.563436666610932,-7.294282224058186,2
821,4.990415576325527,-6.954328194144341,2
822,4.637239450693649,-7.185164656129289,2
823,4.923198739490521,-6.869837262393623,2
824,5.093433071037076,-6.846406464376419,2
825,5.204178606756573,-6.424230453300955,2
826,5.565688803847836,-6.317376460885856,2
827,5.5529523161037755,-6.380686580484168,2
828,5.845363809048013,-6.360611973658286,2
829,5.808450334898863,-6.045885550269598,2
830,5.851760726699143,-6.261114347376939,2
831,6.364014199374783,-5.842822527534053,2
832,6.52716202124304,-5.643459585348354,2
833,6.967312311356576,-5.799309366360902,2
834,7.174093678191964,-5.432255453023792,2
835,6.907568485910569,-5.735401130912171,2
836,7.362482569606799,-5.002350907781282,2
837,7.248395282716393,-4.893412293062066,2
838,7.454621358784853,-4.628256522470751,2
839,7.752094145860113,-4.904990423449224,2
840,7.24769829627564,-4.579398011621587,2
841,7.806261434102212,-4.404218451459911,2
842,8.109307768403067,-4.592575001725089,2
843,8.135154709513081,-3.978420684631813,2
844,8.33652080602666,-3.922048677579744,2
845,7.974319372449272,-3.91749002691883,2
846,8.203764404994947,-3.6010848583881723,2
847,8.431278902955944,-3.5009529117252183,2
848,8.483945236586141,-3.2003851054512746,2
849,8.954770552313596,-3.030918770760081,2
850,8.389372058684813,-2.886708728025683,2
851,8.735062046665915,-2.521519768064465,2
852,8.671029099047743,-2.507948596803873,2
853,9.0307313072064,-2.1042017040292413,2
854,8.962701632557163,-1.876118130112053,2
855,9.257113995063913,-1.4651837235366774,2
856,8.782371540603894,-1.622989315234139,2
857,8.958406202208476,-1.2793064043967461,2
858,9.053331132198503,-1.2899399011594244,2
859,9.42041348609196,-1.1912130218096793,2
860,9.442211929740711,-0.9009316594857071,2
861,9.330179605840188,-0.7366177252003502,2
862,9.68364688776285,-0.29227256811414176,2
863,9.342539706407262,-0.042112422013673184,2
864,9.58839919784982,0.07341221963405734,2
865,9.256197912818932,0.21354675093102854,2
866,9.16370691944167,0.7214584816305655,2
867,9.56017618861316,0.45804782609453254,2
868,9.368398874274858,0.828832374701487,2
869,9.499285292891523,1.2194132538259501,2
870,9.69269842922482,1.2098513743924066,2
871,9.325648243447327,1.8164885296035282,2
872,9.27809474255511,2.042456056352798,2
873,9.560522668365932,1.9119544806243947,2
874,9.314453991336476,2.4370930774737425,2
875,9.449120705472565,2.115672059440275,2
876,9.462573930115438,2.8328509845322416,2
877,9.397643112901537,3.107188452242388,2
878,9.658522137842414,3.128025975027649,2
879,9.11616121216153,3.3993505047873023,2
880,8.893711348833845,3.5381100031764436,2
881,8.711081649628712,4.05279403133701,2
882,9.104876295675714,4.083143340323538,2
883,8.944294193844687,4.510924632406684,2
884,8.78462779316595,4.219849276416167,2
885,8.847879307228778,4.94394878714433,2
886,8.577690277825493,5.067322935591877,2
887,8.509832510396356,4.976093610257137,2
888,8.491045659690567,5.432165324376847,2
889,8.528300114004457,5.572639373958002,2
890,8.234432623398611,5.769671185267007,2
891,8.238056054434335,6.165198374726443,2
892,8.147235106287344,5.983432289033727,2
893,7.862381326346412,6.243188000567062,2
894,8.01997875793903,6.477394096776241,2
895,7.634201066230834,6.869825754783732,2
896,7.300764720056552,7.194759166072626,2
897,7.442675810723247,7.136271899357954,2
898,7.139162477187838,7.445196613405492,2
899,7.08407212387716,7.520590459367855,2
900,6.839322427320726,7.785251629523085,2
901,6.730415969504317,7.6393886361913195,2
902,6.619603107167195,8.097121677608635,2
903,6.16210352819536,8.122781724154006,2
904,5.946033195680002,8.241989562005449,2
905,5.719199139617824,8.4855502486929,2
906,5.5571879496687036,8.823136592317514,2
907,5.557078284469369,8.803758191904237,2
908,5.184214129541779,9.010849213713145,2
909,4.841883348874342,8.888848895873725,2
910,4.849775986744239,9.291258407672265,2
911,4.8066447718289815,9.623656249657907,2
912,4.425315327356314,9.472840718323571,2
913,4.2200399384647715,9.543547173326541,2
914,3.9949364797132354,9.893563575240691,2
915,3.820870583108058,9.981021229478717,2
916,3.762371118496831,10.126918553582014,2
917,3.1885920794451126,10.119846412113741,2
918,3.1753945921800444,9.969858587710652,2
919,3.0147824001223555,10.364423206693383,2
920,2.517006189849705,10.31792585044949,2
921,2.615506741516447,10.489582413477502,2
922,2.2227712925309735,10.44731208221234,2
923,2.0608347779280463,10.6979203565262,2
924,1.8681421644635574,10.790303027649589,2
925,1.6990355594307436,10.707012112672437,2
926,1.1517562012362192,11.01139671502952,2
927,1.1975706466700258,10.897828546702755,2
928,0.8593875400619772,10.96646357994581,2
929,0.38055600201153794,11.23812405588771,2
930,0.13518391576086436,10.91796009850382,2
931,0.3590572512225645,11.0605670546753,2
932,-0.2530965692839302,11.129641412336815,2
933,-0.2920770927435469,10.89700768394797,2
934,-0.6998151801730821,10.923016827544087,2
935,-0.9369558397526824,11.169935578597444,2
936,-1.46881731882543,10.897194006937676,2
937,-1.63331642873432,11.374470786522034,2
938,-1.5375386092139838,10.74072058420863,2
939,-2.1794591328732578,10.665963491945448,2
940,-1.9857054102312142,11.234526978557238,2
941,-2.40915339285308,11.138002835568445,2
942,-2.975886910988497,10.82844794953032,2
943,-3.150212590737741,10.277870287968902,2
944,-3.0455773541079605,10.649848392844904,2
945,-3.924512916060369,10.476807261309727,2
946,-3.752697093669048,10.5607445939439,2
947,-4.039186137545916,10.401570008338485,2
948,-4.131543958785496,10.634398135937175,2
949,-4.392397369245889,10.377816192065568,2
950,-4.633481175401835,10.280233060973673,2
951,-5.113667649847999,10.29035324052604,2
952,-5.21238335166354,10.099850352581964,2
953,-5.75101386477488,10.586927805144937,2
954,-6.01369839522461,10.095183900150277,2
955,-6.022324015293972,9.577787922795723,2
956,-6.524005790667704,9.505345028869801,2
957,-6.506998836472402,9.51688555516827,2
958,-6.293496757915374,9.36470106013053,2
959,-6.982764678583667,9.40645332211775,2
960,-7.361389497901371,9.290139713866822,2
961,-7.648441589623118,9.085895534985703,2
962,-7.462390758108438,8.945468131636792,2
963,-7.543196328820041,8.563517101414527,2
964,-8.143118695537463,8.721221441894173,2
965,-8.48736239942278,8.73057575310366,2
966,-8.266292003850545,8.521981572161758,2
967,-8.676292026426651,8.102992607789947,2
968,-9.121817572752938,7.891700686932644,2
969,-8.975131773056331,7.076651836859609,2
970,-9.393454400569734,7.6607352442494205,2
971,-9.570861969726298,7.16179338508894,2
972,-9.759117722432267,7.475054464657672,2
973,-9.750841698615782,6.534088013284959,2
974,-10.242488851588403,7.006054640036503,2
975,-10.070081783499813,6.308916030504876,2
976,-10.341997316768545,6.166384655529927,2
977,-10.270912827575087,5.945447286912458,2
978,-10.649684501835917,5.780003944408312,2
979,-10.90627620184099,5.505887423774968,2
980,-11.375574584723676,5.405227811914555,2
981,-11.279046255975754,5.163013147095364,2
982,-11.39172016730713,4.5542473651360025,2
983,-11.634683377510536,4.066942134119701,2
984,-11.476072026788382,4.116026449833069,2
985,-11.710605207558142,3.746101898528934,2
986,-11.62012312682766,3.8522771434346446,2
987,-11.957994161515751,3.252501023053193,2
988,-11.807138266954604,3.2510503883547166,2
989,-11.799713605536024,2.917329338592461,2
990,-12.18345168421382,2.407184857253691,2
991,-12.283765796844245,2.511693608032448,2
992,-11.989472303477827,2.5045544611808666,2
993,-12.346053068821734,1.6893642066807468,2
994,-12.718325614639237,1.121829486201815,2
995,-12.201442018879032,1.3101260266964476,2
996,-12.364825766366284,0.7760751150155104,2
997,-12.62349626224567,0.7662591561388353,2
998,-12.481443699846157,0.20041990836066084,2
999,-12.429647235084257,0.03956832311133654,2
